,SeriesName,Poster,ReleaseYear,Synopsis,Rating,Cast,Director,Network,Genre,Language,ReleaseDate
0,Inside Job,https://resizing.flixster.com/GS5bK7y7sHoM1gwnSY9Y0EMkA3U=/fit-in/180x240/v2/https://resizing.flixster.com/409TGxX1Sz7Yj3XhuCrQ4rMQq_I=/ems.cHJkLWVtcy1hc3NldHMvdHZzZXJpZXMvMGM3YTFjMTctNGI0ZC00ZjBiLWIzM2EtNjhlMTlmOGZmYmQzLmpwZw==,2021, Anti-social genius Reagan Ridley and her dysfunctional team work to hide the world's conspiracies.... ,79,"Lizzy Caplan,Christian Slater,Clark Duke,Tisha Campbell-Martin","Shion Takeuchi,Alex Hirsch",Netflix,"Sci-Fi,Comedy,Animation",English,"Oct 22, 2021"
1,1899,https://resizing.flixster.com/VR265PotIWkaQSe-ugdV6pkhPLo=/fit-in/180x240/v2/https://resizing.flixster.com/vjp6GCi3rcyDlLV3nDLIHroN-78=/ems.cHJkLWVtcy1hc3NldHMvdHZzZXJpZXMvNDQ5M2UxN2QtZGZjNy00Y2Q2LTkzZDgtMTNiYmJmZGM0ZDFlLmpwZw==,2022, Immigrants on a steamship traveling from London to New York get caught up in a mysterious riddle after finding a... ,77,"Emily Beecham,Aneurin Barnard,Andreas Pietschmann,Miguel Bernardeau",,Netflix,"Drama,Horror",English,"Nov 17, 2022"
2,Human Resources,https://resizing.flixster.com/UrAXaf_pJMm4fZGDY0Lcu2AmdJQ=/fit-in/180x240/v2/https://resizing.flixster.com/1rYh2_aZ2Xk0WaNshfcE-h0IjDI=/ems.cHJkLWVtcy1hc3NldHMvdHZzZXJpZXMvNjdjZWM0Y2MtZjVkMC00MmZmLTg1MjgtYTNmMzM3MDZiYmM3LmpwZw==,2022," This workplace comedy pulls back the curtain on the daily lives of Hormone Monsters, Depression Kitties, Shame Wizards, and other... ",75,"Aidy Bryant,Randall Park,Nick Kroll,Maya Rudolph","Kelly Galuska,Nick Kroll,Andrew Goldberg,Jennifer Flackett",Netflix,"Comedy,Animation",English,"Mar 18, 2022"
3,The Gentlemen,https://resizing.flixster.com/6zge6Yc_-fAaTQ-7cdfG_hysj_E=/fit-in/180x240/v2/https://resizing.flixster.com/b302QgbJv23f4Wk9H6Z09vPe0p8=/ems.cHJkLWVtcy1hc3NldHMvdHZzZXJpZXMvMGY0N2ZjZDMtYTVkYi00NGJiLTg5NTUtZWM5MWY0ZDhmMTRkLmpwZw==,2024," When aristocratic Eddie inherits the family estate, he discovers that it's home to an enormous weed empire, and its proprietors... ",74,"Theo James,Kaya Scodelario,Giancarlo Esposito,Daniel Ings","Guy Ritchie,Marn Davies,Ivan Atkinson,Marc Helwig",Netflix,"Comedy,Drama",English,"Mar 7, 2024"
4,The Night Agent,https://resizing.flixster.com/oN3HLWzuaGa8WeGTBVBW1dDYKQ8=/fit-in/180x240/v2/https://resizing.flixster.com/wLM95UiPP8D6ltOAvLnOUuYwyk8=/ems.cHJkLWVtcy1hc3NldHMvdHZzZXJpZXMvMTJlM2U0NTQtY2E1NS00YmI3LWIzZDgtYmYwNzhlZTkzOGViLmpwZw==,2023," Based on the novel by Matthew Quirk, The Night Agent is a sophisticated, character-based, action-thriller centering on a low level... ",74,"Gabriel Basso,Luciane Buchanan,Hong Chau,Sarah Desjardins","Shawn Ryan,Marney Hochman,Seth Gordon,Julia Gunn",Netflix,"Drama,Mystery & Thriller",English,"Mar 23, 2023"
5,Wednesday,https://resizing.flixster.com/MyYgxsWClhRXro2zqFvFgVimfYU=/fit-in/180x240/v2/https://resizing.flixster.com/LumPRA7tw5a4VtKzSnGnTWpW2Q8=/ems.cHJkLWVtcy1hc3NldHMvdHZzZXJpZXMvNTlmOGIyM2ItMzRhMy00MjdkLThkNDYtZWJkZDI1ODMzNmI3LmpwZw==,2022," While attending Nevermore Academy, Wednesday Addams attempts to master her emerging psychic ability, thwart a killing spree and solve the... ",73,"Jenna Ortega,Gwendoline Christie,Riki Lindhome,Christina Ricci","Tim Burton,Alfred Gough,Miles Millar,Kayla Alpert",Netflix,Mystery & Thriller,English,"Nov 23, 2022"
6,Manifest,https://resizing.flixster.com/Tv74UJCi7VE1xKsKDgNcoFRqfKo=/fit-in/180x240/v2/https://resizing.flixster.com/u5EDiL4PdP4myXFJfZSrGvYYWfs=/ems.cHJkLWVtcy1hc3NldHMvdHZzZXJpZXMvZTY2MTRiMTQtMDE2YS00MDk5LTk4ZGYtYjdlYmI0MmI1NjRkLmpwZw==,2018," When Montego Air Flight 828 landed safely after a turbulent but routine flight, the crew and passengers were relieved. But... ",72,"Melissa Roxburgh,Josh Dallas,J.R. Ramirez,Luna Blaise","Jeff Rake,Robert Zemeckis,Jack Rapke,Jackie Levine",NBC,"Drama,Sci-Fi,Adventure,Mystery & Thriller",English,"Sep 24, 2018"
7,Outer Banks,https://resizing.flixster.com/ZCrISU1ZZrkOAzKASGoMT-gW_sU=/fit-in/180x240/v2/https://resizing.flixster.com/sVONCNI3xr5d3qg9S5CszPzhF2w=/ems.cHJkLWVtcy1hc3NldHMvdHZzZXJpZXMvMDBiN2M5NDktYmY0ZC00MjgxLWJjNGEtMGEwNmIzNDhiZmFlLmpwZw==,2020, A teenager enlists his three best friends to hunt for a legendary treasure linked to his father's disappearance.... ,72,"Chase Stokes,Madelyn Cline,Madison Bailey,Jonathan Daviss",,Netflix,Drama,English,"Apr 15, 2020"
8,Treason,https://resizing.flixster.com/4dZ5IFyzd36oHqSvDj2S6r_3Qss=/fit-in/180x240/v2/https://resizing.flixster.com/-XZAfHZM39UwaGJIFWKAE8fS0ak=/v3/t/assets/p23455119_b_v13_ab.jpg,2022, An MI6 deputy's bright future takes a sharp turn after a reunion with a Russian spy forces him to question... ,72,"Charlie Cox,Oona Chaplin,Olga Kurylenko,Ciarán Hinds","Matt Charman,Foz Allan,Valery Ryan",Netflix,"Drama,Mystery & Thriller",English,"Dec 26, 2022"
9,Elite,https://resizing.flixster.com/u6hfty1PjtbkPjLt8jZpv_9UxhE=/fit-in/180x240/v2/https://resizing.flixster.com/-XZAfHZM39UwaGJIFWKAE8fS0ak=/v3/t/assets/p15991777_b_v13_af.jpg,2018," When three working-class teens enroll in an exclusive private school in Spain, the clash between them and the wealthy students... ",71,"André Lamoglia,Valentina Zenere,Omar Ayuso,Carmen Arrufat","Diego Betancor,Carlos Montero,Ramón Salazar,Dani de la Órden",Netflix,"Crime,Drama,Mystery & Thriller",European Spanish,"Oct 5, 2018"
10,Exploding Kittens,https://resizing.flixster.com/qm0RIj1CxtR1AuB3T5INzKlLQU8=/fit-in/180x240/v2/https://resizing.flixster.com/5FF4GdqFbHKb-UpUyrFZmKXGhEU=/ems.cHJkLWVtcy1hc3NldHMvdHZzZXJpZXMvM2E4ZGI4ZjYtMzJjYi00ODNiLWI2ZWQtNDczMjFkN2RjNGYzLmpwZw==,2024," An eternal conflict reaches epic proportions when both, God and the Devil, are sent to Earth to live with humans,... ",71,"Tom Ellis,Suzy Nakamura,Ally Maki",,Netflix,"Animation,Comedy",English,"Jul 12, 2024"
11,Money Heist: Korea: Joint Economic Area,https://resizing.flixster.com/H3GKGMBaPJXl23iPv6c9Kl0H4vw=/fit-in/180x240/v2/https://resizing.flixster.com/f20-g739mnw6MWpadjESR8Vga-Q=/ems.cHJkLWVtcy1hc3NldHMvdHZzZXJpZXMvOTViYjE1MzctYjhmNC00M2YxLTkxMjQtNTMwNzQ5YjU1ZjhiLmpwZw==,2022," Thieves overtake the mint of a unified Korea, trapping hostages inside; the police must stop the thieves as well as... ",71,"Yoo Ji-tae,Kim Yun-jin,Park Hae-soo,Jeon Jong-seo","Kim Hong-seon,Álex Pina",Netflix,"Action,Crime,Drama",Korean,"Jun 24, 2022"
12,Arnold,https://resizing.flixster.com/P6hKunKY4MautfmmT1OEvZCANHk=/fit-in/180x240/v2/https://resizing.flixster.com/eCkMBBxv6RNk0pwlVJz2Y77GoeU=/ems.cHJkLWVtcy1hc3NldHMvdHZzZXJpZXMvOTFhN2M3NDEtYTg4Yi00NjRlLWJlMTQtOTliOWU1YmVhNzliLmpwZw==,2023," A look at Arnold Schwarzenegger's multifaceted life and career, from bodybuilding champion to actor to politician.... ",70,Arnold Schwarzenegger,"Allen Hughes,Lesley Chilcott,Peter Nelson,Paul Wachter",Netflix,"Documentary,Biography",English,"Jun 7, 2023"
13,The Eddy,https://resizing.flixster.com/BaeUJdVzbAMpmlPLOWSDrcNHQ1c=/fit-in/180x240/v2/https://resizing.flixster.com/-XZAfHZM39UwaGJIFWKAE8fS0ak=/v3/t/assets/p18177370_b_v13_aa.jpg,2020, A jazz club owner deals with the everyday struggles of running a live music venue in Paris.... ,69,"André Holland,Joanna Kulig,Amandla Stenberg,Leïla Bekhti",,Netflix,"Music,Drama",English,"May 8, 2020"
14,Grand Army,https://resizing.flixster.com/2w7iZz2Owe-I4LHq_sE63AdIfEc=/fit-in/180x240/v2/https://resizing.flixster.com/whORaGc2EIWLrhjck7LduDkrDsQ=/ems.cHJkLWVtcy1hc3NldHMvdHZzZXJpZXMvUlRUVjc2ODY4OS53ZWJw,2020," Five students at the largest public high school in Brooklyn take on a chaotic world as they fight to succeed,... ",69,"Odessa A'zion,Odley Jean,Maliq Johnson,Amalia Yoo","Joshua Donen,Beau Willimon,Jordan Tappis",Netflix,Drama,English,"Oct 16, 2020"
15,Black Knight,https://resizing.flixster.com/yVZo_kZQjRPVw_rvekkXQD-wvSo=/fit-in/180x240/v2/https://resizing.flixster.com/h1p1AkqFSWg6CI-W79-6tXY7dDQ=/ems.cHJkLWVtcy1hc3NldHMvdHZzZXJpZXMvYjc1NWE2NTEtYzFiZS00Nzc3LWE1MTctMjFlNWFhNGI3N2ZjLmpwZw==,2023," In a dystopian future devastated by air pollution, the survival of humanity depends on the Black Knights, and they're far... ",69,"Kim Woo-bin,Song Seung-heon,Kang Yoo-seok,E Som",Jo Ui-seok,Netflix,"Drama,Sci-Fi,Action,Adventure",Korean,"May 12, 2023"
16,The Recruit,https://resizing.flixster.com/l-MiD0s4fmHSCwlhuVK0SDdHn1o=/fit-in/180x240/v2/https://resizing.flixster.com/frO3qYn7_jeC6xxUm10cwbeaxe8=/ems.cHJkLWVtcy1hc3NldHMvdHZzZXJpZXMvNGQ2NzYyYzEtZTgwMi00NzM1LWE5NWEtNmRiYTk5NzhkZjI4LmpwZw==,2022, A fledgling CIA lawyer gets caught up in a dangerous game of international politics when a former asset threatens to... ,68,"Noah Centineo,Laura Haddock,Aarti Mann,Colton Dunn","Noah Centineo,Alexi Hawley,Doug Liman,Gene Klein",Netflix,"Crime,Drama,Mystery & Thriller",English,"Dec 16, 2022"
17,Copenhagen Cowboy,https://resizing.flixster.com/W0SVdZSG2o-qLHxN8rHT6ngmdZs=/fit-in/180x240/v2/https://resizing.flixster.com/hRQvGXu3xQ3uUsIza4NWVqcgjJU=/ems.cHJkLWVtcy1hc3NldHMvdHZzZXJpZXMvY2YzYTcwNjctNWJjNy00Njk0LWJlMmUtYTY5NTMxNDhmNzVkLmpwZw==,2023, A young heroine travels through Copenhagen's criminal underworld.... ,68,"Angela Bundalovic,Andreas Lykke Jørgensen,Jason Hendil-Forssell,Li li Zhang",Nicolas Winding Refn,Netflix,"Drama,Mystery & Thriller",Danish,"Jan 5, 2023"
18,Self Made: Inspired by the Life of Madam C.J. Walker,https://resizing.flixster.com/gyGVLWbDd_TXmRX5DtvzPKaC2iw=/fit-in/180x240/v2/https://resizing.flixster.com/codZqO5RE-nIPupxXxhGvOOxCeI=/ems.cHJkLWVtcy1hc3NldHMvdHZzZXJpZXMvUlRUVjY4ODQ1My53ZWJw,2020," A chronicle of the incredible story of Madam C.J. Walker, who was the first African American self-made millionaire.... ",68,"Octavia Spencer,Tiffany Haddish,Carmen Ejogo,Blair Underwood","Janine Sherman Barrois,Lois Johnson,Maverick Carter,LeBron James",Netflix,"History,Drama,Biography",English,"Mar 20, 2020"
19,Disenchantment,https://resizing.flixster.com/_B41QjJtb38WXW8PvXvXLUd6ozQ=/fit-in/180x240/v2/https://resizing.flixster.com/-XZAfHZM39UwaGJIFWKAE8fS0ak=/v3/t/assets/p15553420_b_v12_ab.jpg,2018," After tackling modern times with ""The Simpsons"" and the future with ""Futurama,"" producer Matt Groening steps into the past with... ",67,"Abbi Jacobson,Nat Faxon,Eric André,John DiMaggio","Matt Groening,Josh Weinstein",Netflix,"Comedy,Fantasy,Animation",English,"Aug 17, 2018"
20,Unstable,https://resizing.flixster.com/cTkxURQbUbiIi8N1CogUzN3VQRw=/fit-in/180x240/v2/https://resizing.flixster.com/7lmBlFty71TRzuKVRfuWsRYqzLc=/ems.cHJkLWVtcy1hc3NldHMvdHZzZXJpZXMvNWJmYzIwYjItYmJkNS00MDc0LThkYTQtNThiMGQ5MDNlZTg5LmpwZw==,2023, An introverted man must save his eccentric biotech entrepreneur father -- and his company -- from disaster.... ,67,"Rob Lowe,Johnowen Lowe,Sian Clifford,Rachel Marsh","Rob Lowe,Johnowen Lowe,Victor Fresco,Marc Buckland",Netflix,"Comedy,Drama",English,"Mar 30, 2023"
21,Who Is Erin Carter?,https://resizing.flixster.com/9iyq5-jlF_blta0qVbLn9a4WjSc=/fit-in/180x240/v2/https://resizing.flixster.com/-XZAfHZM39UwaGJIFWKAE8fS0ak=/v3/t/assets/p24968492_b_v13_aa.jpg,2023, A British teacher who finds herself caught up in a robbery in Spain must fight to clear her name and... ,67,"Evin Ahmad,Sean Teale,Douglas Henshall,Susannah Fielding","Andy Harries,Rob Bullock,Jack Lothian,Sharon Hughff",Netflix,"Crime,Drama,Action,Adventure",English,"Aug 24, 2023"
22,Cursed,https://resizing.flixster.com/6tG0Rs0WQPHXGHDDmqTTEja2LVY=/fit-in/180x240/v2/https://resizing.flixster.com/ITOCoZLLJtR4Sc7Ia1GqZb2h8xw=/ems.cHJkLWVtcy1hc3NldHMvdHZzZXJpZXMvUlRUVjcwNDMyMC53ZWJw,2020," In a retelling of the Arthurian legend, teenage sorceress Nimue joins forces with a young and charming mercenary named Arthur... ",65,"Katherine Langford,Devon Terrell,Gustaf Skarsgård,Peter Mullan","Frank Miller,Tom Wheeler,Leila Gerstein,Zetna Fuentes",Netflix,"Drama,Action,Adventure,Fantasy",English,"Jul 17, 2020"
23,The Duchess,https://resizing.flixster.com/HCpZ3GparApSIjPG_Za6kQzmBv0=/fit-in/180x240/v2/https://resizing.flixster.com/QwjDMcawgy5y63SYFBz245bb9Cc=/ems.cHJkLWVtcy1hc3NldHMvdHZzZXJpZXMvUlRUVjc0Mjg4OS53ZWJw,2020," In London, single mother Katherine juggles her career, her tween daughter and her relationship with her boyfriend -- all while... ",65,"Katherine Ryan,Steen Raskopoulos,Kate Byrne,Rory Keenan","Katherine Ryan,Dave Becky,Josh Lieberman,Murray Ferguson",Netflix,"Comedy,Drama",British English,"Sep 11, 2020"
24,Ginny & Georgia,https://resizing.flixster.com/xAkDtUd1OtnICsc4uaLwywwy05g=/fit-in/180x240/v2/https://resizing.flixster.com/bOEHoxe8FnTy1QNnpUliaxj6gKE=/ems.cHJkLWVtcy1hc3NldHMvdHZzZXJpZXMvZDZkZTdjNWYtMTJmMy00ZjJjLWE5MDQtYzdkNDA2ZjUwNzQzLmpwZw==,2021, Teenage Ginny and her family yearn to put down roots in a picturesque New England town after years on the... ,64,"Antonia Gentry,Brianne Howey,Diesel La Torraca,Jennifer Robertson","Debra J. Fisher,Anya Adams,Jeffrey Tahler,Jenny Daly",Netflix,Drama,English,"Feb 24, 2021"
25,White Lines,https://resizing.flixster.com/hPJs6zt_6gbR6HOvwX750iUjkU8=/fit-in/180x240/v2/https://resizing.flixster.com/iUJLtFxemYlCy-fd_xcDtV04gdw=/ems.cHJkLWVtcy1hc3NldHMvdHZzZXJpZXMvUlRUVjcwMTg1NS53ZWJw,2020," Zoe Walker leaves her quiet life behind to investigate her brother's disappearance in Ibiza, where she heads down a decadent... ",64,"Laura Haddock,Daniel Mays,Guillermo Lasheras,Pedro Casablanc","Nick Hamm,Luis Prieto",MULTI,"Drama,Mystery & Thriller",British English,"May 15, 2020"
26,Emily in Paris,https://resizing.flixster.com/v5Ohna8eWM6aBN6Ep36lgkmd9Dk=/fit-in/180x240/v2/https://resizing.flixster.com/Clm4tCiH0ujV3a93l8fnqHnJJKI=/ems.cHJkLWVtcy1hc3NldHMvdHZzZXJpZXMvZTkwMTNhMDctNThlMi00NWM4LWIwZjQtNGUyNjA4OTU2YTM3LmpwZw==,2020, Chicago marketing executive Emily Cooper is hired to provide an American perspective at a marketing firm in Paris.... ,61,"Lily Collins,Philippine Leroy-Beaulieu,Ashley Park,Lucas Bravo",,Netflix,"Comedy,Drama",English,"Oct 2, 2020"
27,Ratched,https://resizing.flixster.com/YV7gXZ1PInktfv4fbraZsKS8TUM=/fit-in/180x240/v2/https://resizing.flixster.com/UpVukWJkP3JoSA2x2iAkCNdbmPA=/ems.cHJkLWVtcy1hc3NldHMvdHZzZXJpZXMvUlRUVjczNzIyMy53ZWJw,2020, A young nurse at a mental institution becomes jaded and bitter before turning into a full-fledged monster to her patients.... ,62,"Sarah Paulson,Sharon Stone,Cynthia Nixon,Finn Wittrock","Ryan Murphy,Michael Douglas,Aleen Keshishian,Margaret Riley",Netflix,"Drama,Mystery & Thriller",English,"Sep 18, 2020"
28,Trinkets,https://resizing.flixster.com/POSjPxnf8eKBePqw3GQGYs3nJKU=/fit-in/180x240/v2/https://resizing.flixster.com/h5XEL42oPoam-3kcmr7ElPLSM-M=/ems.cHJkLWVtcy1hc3NldHMvdHZzZXJpZXMvUlRUVjUwODM2Ny53ZWJw,2019, A grieving teenager finds an unexpected connection with two classmates at her new high school when they all land in... ,60,"Brianna Hildebrand,Kiana Madeira,Quintessa Swindell,Odiseas Georgiadis","Shelley Zimmerman,Brin Lukens,Rebecca Glashow,Amy Andelson",Netflix,Drama,English,"Jun 14, 2019"
29,Partner Track,https://resizing.flixster.com/lRJhTLpoHBiqw7HnYD69C6UfiwU=/fit-in/180x240/v2/https://resizing.flixster.com/i7xlkPRw-XmmZjg7PrMML3T_WTA=/ems.cHJkLWVtcy1hc3NldHMvdHZzZXJpZXMvYzQ4YTJlMTUtZDQ5NC00OGIzLWIyYjgtZDMxNDk4MDgyYWY3LmpwZw==,2022," Ingrid Yun, an idealistic lawyer, struggles with her moral compass as she fights to climb the partner track at a... ",57,"Arden Cho,Nolan Gerard Funk,Dominic Sherwood,Alexandra Turshen","Kristen Campo,Sarah Goldfinger,Tony Hernandez,Georgia Lee",Netflix,Drama,English,"Aug 26, 2022"
30,Ragnarok,https://resizing.flixster.com/p-l9hQ5b6cmQSyC9P8SCAMZVhPc=/fit-in/180x240/v2/https://resizing.flixster.com/7JfemtmGhrKvdQOZV_0T5AWQa2k=/ems.cHJkLWVtcy1hc3NldHMvdHZzZXJpZXMvUlRUVjYxOTQyMi53ZWJw,2020, A small Norwegian town experiencing warm winters and violent downpours seems to be headed for another Ragnarok -- unless somebody... ,--,"David Stakston,Jonas Strand Gravli,Theresa Frostad Eggesbø,Herman Tømmeraas","Mogens Hagedorn,Adam Price,Meta Louise Foldager",Netflix,"Drama,Mystery & Thriller,Fantasy",Norwegian,"Jan 31, 2020"
31,Blood of Zeus,https://resizing.flixster.com/NfwwhhY5-QCMwPPfKcnjdblSxgs=/fit-in/180x240/v2/https://resizing.flixster.com/oSvAY9d5SB8EQqw6A17RnbRjI4c=/ems.cHJkLWVtcy1hc3NldHMvdHZzZXJpZXMvMjhmN2YwODUtZTk0YS00ZGJlLWJkNzMtNDU1MDk3MzExMzgyLmpwZw==,2020," Chronicles the illegitimate son of Zeus, a young man tasked with saving heaven and earth despite the interference of a... ",100,"Derek Phillips,Jason O'Mara,Mamie Gummer,Chris Diamantopoulos","Charley Parlapanides,Vlas Parlapanides",Netflix,"Adventure,Fantasy,Animation",English,"Oct 27, 2020"
32,The Dragon Prince,https://resizing.flixster.com/ARsxY_UZ4ZRT1cBtKdMxNrVUBsw=/fit-in/180x240/v2/https://resizing.flixster.com/Pebz5IzfVPfaXcks7iTzUQlyjX8=/ems.cHJkLWVtcy1hc3NldHMvdHZzZXJpZXMvUlRUVjMyODQwOS53ZWJw,2018," In the magical land of Xadia, magic comes from six primal sources: the sun, moon, stars, sky, earth and ocean.... ",100,"Jack De Sena,Paula Burrows,Sasha Zoey Rojen",Giancarlo Volpe,Netflix,"Adventure,Fantasy,Animation",English,"Sep 14, 2018"
33,Mo,https://resizing.flixster.com/rGz-D0IHPb5y0z0gtKaqM-DZ61w=/fit-in/180x240/v2/https://resizing.flixster.com/VgIiTU8YLLGtevIEOnm54eIkPik=/ems.cHJkLWVtcy1hc3NldHMvdHZzZXJpZXMvNjYwZWY0NmUtYTAwMS00MzIzLTg1OTAtODc1NmQzNWRlM2EwLmpwZw==,2022," Mo Najjar straddles the line between two cultures, three languages and a ton of foolishness as a Palestinian refugee constantly... ",100,"Mohammed Amer,Teresa Ruiz,Farah Bsieso,Omar Elba","Mohammed Amer,Ramy Youssef,Ravi Nandan,Hallie Sekoff",Netflix,Comedy,English,"Aug 24, 2022"
34,Arcane: League of Legends,https://resizing.flixster.com/2yosknmQC4jKha_OaFwQCFR22Zk=/fit-in/180x240/v2/https://resizing.flixster.com/SFfLVmXdiFhntYdVoYo2hyBJn9U=/ems.cHJkLWVtcy1hc3NldHMvdHZzZXJpZXMvMzRiYTc0NzUtZjJhNS00ZTlhLWI4ODMtY2MxNWNjMWU1ZjJmLmpwZw==,2021," The origins of two iconic League champions, set in the utopian Piltover and the oppressed underground of Zaun.... ",100,"Hailee Steinfeld,Katie Leung,Kevin Alejandro,Jason Spisak","Brandon Beck,Marc Merrill,Nicolo Laurent,Jane Chung",Netflix,"Adventure,Fantasy,Animation",English,"Nov 6, 2021"
35,Red Rose,https://resizing.flixster.com/Kdt6WjYTYVbaC2BBkgdYvrjbbfs=/fit-in/180x240/v2/https://resizing.flixster.com/-XZAfHZM39UwaGJIFWKAE8fS0ak=/v3/t/assets/p22709344_b_v13_aa.jpg,2022, Teens must survive a summer of terror after downloading a mysterious app called Red Rose. that makes dangerous demands with... ,100,"Amelia Clarkson,Isis Hainsworth,Natalie Blair,Ellis Howard","Ramón Salazar,Joel Wilson,Michael Clarkson,Paul Clarkson",BBC,"Drama,Horror,Mystery & Thriller",British English,"Aug 15, 2022"
36,Carol & the End of the World,https://resizing.flixster.com/phH5W85NVO9C6xr0DkKMPSdjnp8=/fit-in/180x240/v2/https://resizing.flixster.com/-XZAfHZM39UwaGJIFWKAE8fS0ak=/v3/t/assets/p25991700_b_v13_ab.jpg,2023," With a planet hurtling towards Earth, extinction is imminent for humans; while most feel liberated to pursue their wildest dreams,... ",100,"Martha Kelly,Beth Grant,Lawrence Pressman,Kimberly Hebert Gregory","Dan Guterman,Donick Cary",Netflix,"Comedy,Drama,Animation",English,"Dec 15, 2023"
37,Pokémon Concierge,https://resizing.flixster.com/uRaBGxoTG69a8IVdVN_DBZDAgcE=/fit-in/180x240/v2/https://resizing.flixster.com/LUGIs708qFMwqtEM2Y5wulTPN68=/ems.cHJkLWVtcy1hc3NldHMvdHZzZXJpZXMvNDNkYWRmNWQtNTNlOS00ZTliLWI4YzUtODk3ZGRlY2IyNjI2LmpwZw==,2023," With the help of concierge Haru, Pokémon relax and have fun at the Pokémon Resort.... ",100,"Non,Ai Fairouz,Eita Okuno,Yoshiko Takemura",Iku Ogawa,Netflix,"Fantasy,Action,Adventure,Anime",Japanese,"Dec 28, 2023"
38,Supacell,https://resizing.flixster.com/RMBch9348jPSii3_TdpETtvnuWs=/fit-in/180x240/v2/https://resizing.flixster.com/yOY3t2eHG5eGdIbr0NvU0sfmu58=/ems.cHJkLWVtcy1hc3NldHMvdHZzZXJpZXMvNWZhYmJjNmEtMjUzMS00OGM4LWE2ODctMzg3YjA0NWZiZDZmLmpwZw==,2024," In South London, a group of normal people suddenly develop superpowers, and the only apparent connection between them is that... ",100,"Tosin Cole,Adelayo Adedayo,Nadine Mills,Eric Kofi-Abrefa","Mouktar Mohammed,Anna Ferguson,Steve Searle",Netflix,"Drama,Sci-Fi",British English,"Jun 27, 2024"
39,Cyberpunk: Edgerunners,https://resizing.flixster.com/-P4boIS90UDiDQkHmuFPa4FK-cI=/fit-in/180x240/v2/https://resizing.flixster.com/-XZAfHZM39UwaGJIFWKAE8fS0ak=/v3/t/assets/p22416085_b_v13_ac.jpg,2022," A street kid tries to survive in a technology and body modification-obsessed city of the future; with everything to lose,... ",100,"Aoi Yuki,Kenn,Kazuhiko Inoue,Kenjiro Tsuda","Rafal Jaki,Hiroyuki Imaishi",Netflix,"Action,Adventure,Sci-Fi,Animation",English,"Sep 13, 2022"
40,Katla,https://resizing.flixster.com/KOb148KtTjGXT48KZnpDQupVot8=/fit-in/180x240/v2/https://resizing.flixster.com/EuXAvv6V-BpJmYOX97lW2zRCiqE=/ems.cHJkLWVtcy1hc3NldHMvdHZzZXJpZXMvUlRUVjkyNzExOC53ZWJw,2021, The catastrophic eruption of sub-glacial volcano Katla turns a nearby community's world upside down as mysteries begin to emerge from... ,100,"Guðrún Ýr Eyfjörð,Aliette Opheim,Björn Thors,Guðrún Gísladóttir","Sigurjón Kjartansson,Baltasar Kormákur",Netflix,"Mystery & Thriller,Sci-Fi,Drama",Icelandic,"Jun 17, 2021"
41,Derry Girls,https://resizing.flixster.com/yqsZTrZczlmWQBg1BFcsq9jCK44=/fit-in/180x240/v2/https://resizing.flixster.com/-XZAfHZM39UwaGJIFWKAE8fS0ak=/v3/t/assets/p14938954_b_v13_af.jpg,2018," Set against the backdrop of the Northern Ireland Troubles, this comedy series follows a group of friends as they navigate... ",99,"Saoirse-Monica Jackson,Louisa Harland,Ian McElhinney,Kathy Kiera Clarke","Michael Lennox,Caroline Leddy",Channel 4,"Comedy,Drama",British English,"Jan 4, 2018"
42,Better Call Saul,https://resizing.flixster.com/XgZ2-ghRaUqVe5wuS2N-ztn-3M0=/fit-in/180x240/v2/https://resizing.flixster.com/-XZAfHZM39UwaGJIFWKAE8fS0ak=/v3/t/assets/p10492751_b_v13_al.jpg,2015," He wasn't always Saul Goodman, ace attorney for chemist-turned-meth dealer Walter White. Six years before he begins to represent Albuquerque's... ",98,"Bob Odenkirk,Jonathan Banks,Michael Mando,Patrick Fabian","Vince Gilligan,Peter Gould,Mark Johnson,Melissa Bernstein",AMC,Drama,English,"Feb 8, 2015"
43,Beef,https://resizing.flixster.com/7ZfRJWBWxXp7Mbs9EtIZoVF-OXg=/fit-in/180x240/v2/https://resizing.flixster.com/NviVPm4Kig0ifVdF_q4Qh7-oSuc=/ems.cHJkLWVtcy1hc3NldHMvdHZzZXJpZXMvMTMxMTgzY2MtN2ZlOC00NGYxLTkzNWMtNzg2NDY1ZjU2ZDYxLmpwZw==,2023, Two strangers get into a road rage incident that brings chaos into their lives.... ,98,"Steven Yeun,Ali Wong,Joseph Lee,Young Mazino","Lee Sung-jin,Ali Wong,Steven Yeun,Jake Schreier",Netflix,Comedy,English,"Apr 6, 2023"
44,Heartstopper,https://resizing.flixster.com/hKzozmrNxSW_EFQYvwVacaNgl-c=/fit-in/180x240/v2/https://resizing.flixster.com/FcvhO4XDT9H0RwgOVJ09LG3Ha_Y=/ems.cHJkLWVtcy1hc3NldHMvdHZzZXJpZXMvMDgxZDE2NjItODMzOC00ZDg5LTgzODQtNjk2NGI5YjAyMzVkLmpwZw==,2022, Teens Charlie and Nick discover their unlikely friendship might be something more as they navigate school and young love.... ,98,"Kit Connor,Joe Locke,William Gao,Yasmin Finney","Euros Lyn,Iain Canning,Nicky Earnshaw,Hakan Kousetta",Netflix,"Drama,Romance,LGBTQ+",British English,"Apr 22, 2022"
45,Lupin,https://resizing.flixster.com/mL3rC7IsOm0Y_uG4M8qHDqVW7HY=/fit-in/180x240/v2/https://resizing.flixster.com/Q1Xrw4mACrB5nVBc0r7AGweBCaQ=/ems.cHJkLWVtcy1hc3NldHMvdHZzZXJpZXMvMzdiZmI5MTUtMWY4Yi00ZjVlLWIyMjMtNzY1MmU4Njk5NzU0LmpwZw==,2021," A retelling of the classic French story about Arsène Lupin, the world-famous gentleman thief and master of disguise.... ",98,"Omar Sy,Ludivine Sagnier,Antoine Gouy,Soufiane Guerrab","Louis Leterrier,Marcela Said,Ludovic Bernard,Hugo Gélin",Netflix,"Mystery & Thriller,Action,Adventure",French (France),"Jan 8, 2021"
46,Baby Reindeer,https://resizing.flixster.com/qCu6cdcPVNaHf-yDGTWcPa6V4EU=/fit-in/180x240/v2/https://resizing.flixster.com/cjbTvM09r1lm1iN7-fyv5DNWYL4=/ems.cHJkLWVtcy1hc3NldHMvdHZzZXJpZXMvODk2MmM1ZjAtZmI2Zi00NWU2LTlkODMtOWQ1MzhmZTMzZDFmLmpwZw==,2024," Dealing with a female stalker, a man is forced to face a dark, buried trauma.... ",98,"Richard Gadd,Jessica Gunning,Nava Mau,Tom Goodman-Hill","Weronika Tofilska,Josephine Bornebusch,Richard Gadd,Petra Fried",Netflix,"Drama,Comedy,Crime,Biography",British English,"Apr 11, 2024"
47,Kingdom,https://resizing.flixster.com/Cb1ct0-lL5Oj1OuFR_d8pG7jv-4=/fit-in/180x240/v2/https://resizing.flixster.com/-XZAfHZM39UwaGJIFWKAE8fS0ak=/v3/t/assets/p16296544_b_v13_ab.jpg,2019, The deceased king rises and a mysterious plague begins to spread; the prince must face a new breed of enemies... ,98,"Bae Doo-na,Ju Ji-hoon,Ryu Seung-ryong,Kim Sang-ho","Kim Seong-hun,In-je Park",Netflix,"Horror,Action",Korean,"Jan 25, 2019"
48,Insecure,https://resizing.flixster.com/fmspRVOgmm2D-t4USSPqq1UGNGY=/fit-in/180x240/v2/https://resizing.flixster.com/-XZAfHZM39UwaGJIFWKAE8fS0ak=/v3/t/assets/p13107972_b_v13_ab.jpg,2016," Modern-day black women might be described as strong and confident; in other words, just the opposite of Issa and Molly.... ",97,"Issa Rae,Yvonne Orji,Natasha Rothwell,Amanda Seales","Issa Rae,Prentice Penny,Melina Matsoukas,Michael Rotenberg",HBO,Comedy,English,"Oct 9, 2016"
49,I Think You Should Leave With Tim Robinson,https://resizing.flixster.com/e5MU1WXdw2C2rblX-VWEkR5h49g=/fit-in/180x240/v2/https://resizing.flixster.com/ryH_16L4k34s1rcw74ahRgBSpao=/ems.cHJkLWVtcy1hc3NldHMvdHZzZXJpZXMvUlRUVjk0MTM5NC53ZWJw,2019, Actor Tim Robinson stars in this sketch comedy series -- which he also co-created -- that sees him trying to... ,97,Tim Robinson,"Alice Mathias,Akiva Schaffer",Netflix,Comedy,English,"Apr 23, 2019"
50,Top Boy,https://resizing.flixster.com/MOdw5oySJGnznoxIGt3jEIL0TZI=/fit-in/180x240/v2/https://resizing.flixster.com/suPMbIFPaMa4VWAM72eq76mjJ9g=/ems.cHJkLWVtcy1hc3NldHMvdHZzZXJpZXMvYjRhYjdkZDQtZGE5OC00NTdmLWFiM2QtZTEzNDJjM2RkMGM1LmpwZw==,2011, This drama takes viewers into the housing estates of East London. There is tension between the drug gangs that operate... ,97,"Kano,Ashley Walters,Shone Romulus,Micheal Ward","Yann Demange,William Stefan Smith,Jonathan Van Tulleken,Brady Hood",Netflix,"Drama,Adventure",English,"Oct 31, 2011"
51,Hellbound,https://resizing.flixster.com/WEP9aHuyPDHXEYtlagBYnRC-14M=/fit-in/180x240/v2/https://resizing.flixster.com/dfCC9xVc4Yd7-v97Rzd35tZXp1U=/ems.cHJkLWVtcy1hc3NldHMvdHZzZXJpZXMvZGY1MmM3MjgtZTQ1Yi00OWNiLThiNWItYWYyYmMwZmVkODI1LmpwZw==,2021," Unearthly beings deliver condemnations, sending individuals to hell and giving rise to a religious group founded on the idea of... ",97,"Yoo Ah-in,Kim Hyun-joo,Won Jin-a,Park Jeong-min",Yeon Sang-ho,Netflix,"Crime,Horror,Mystery & Thriller",Korean,"Nov 19, 2021"
52,Unbreakable Kimmy Schmidt,https://resizing.flixster.com/xTt4YILSfyOiBiSsNwsIDhsuTxc=/fit-in/180x240/v2/https://resizing.flixster.com/-XZAfHZM39UwaGJIFWKAE8fS0ak=/v3/t/assets/p10774004_b_v8_ae.jpg,2015," Rescued after 15 years in a cult, Kimmy Schmidt decides to reclaim her life by venturing to New York, where... ",96,"Ellie Kemper,Tituss Burgess,Jane Krakowski,Carol Kane","Tina Fey,Robert Carlock,Jeff Richmond,David Miner",Netflix,Comedy,English,"Mar 6, 2015"
53,The Queen's Gambit,https://resizing.flixster.com/b_Dn_u_TQJP8aI_aZPa70yHHRjc=/fit-in/180x240/v2/https://resizing.flixster.com/FaDFRcsUpfgU2dYzjohQeu1tP_E=/ems.cHJkLWVtcy1hc3NldHMvdHZzZXJpZXMvUlRUVjc2NDUyMS53ZWJw,2020," Set during the Cold War era, orphaned chess prodigy Beth Harmon struggles with addiction in a quest to become the... ",96,"Anya Taylor-Joy,Marielle Heller,Thomas Brodie-Sangster,Moses Ingram","Scott Frank,Allan Scott,Bill Horberg",Netflix,"Drama,Mystery & Thriller",English,"Oct 23, 2020"
54,Unorthodox,https://resizing.flixster.com/Y0onX40iQbQkyqkWylG4vI_QO7k=/fit-in/180x240/v2/https://resizing.flixster.com/yeN3KuIP_z9_X7kAElH8PKbr4rY=/ems.cHJkLWVtcy1hc3NldHMvdHZzZXJpZXMvUlRUVjY4MjU4MC53ZWJw,2020," A woman flees an arranged marriage in Brooklyn to start a new life abroad, then her past catches up to... ",96,"Shira Haas,Amit Rahav,Jeff Wilbusch,Aaron Altaras",Maria Schrader,Netflix,Drama,English,"Mar 26, 2020"
55,Scott Pilgrim Takes Off,https://resizing.flixster.com/xLnBVs230YzDj28s3Yh_HujIIzQ=/fit-in/180x240/v2/https://resizing.flixster.com/MqGV2qgPatDVGTuI2fTeAhNeNKA=/ems.cHJkLWVtcy1hc3NldHMvdHZzZXJpZXMvM2JhMDM5NDQtZDU4ZS00M2M3LTg5YTAtZjgxYTJlMGY0YWExLmpwZw==,2023," After meeting the woman of his dreams, a charming musician finds himself contending with an army of her ex-boyfriends.... ",96,"Michael Cera,Mary Elizabeth Winstead,Kieran Culkin,Chris Evans","Bryan Lee O'Malley,BenDavid Grabinski,Edgar Wright,Nira Park",Netflix,"Comedy,Action,Adventure,Animation",English,"Nov 17, 2023"
56,Aggretsuko,https://resizing.flixster.com/KNli6hzvjxE61Hln00d2duusn-s=/fit-in/180x240/v2/https://resizing.flixster.com/hT_moN55jQSbXKYI_TX0zSocSvg=/ems.cHJkLWVtcy1hc3NldHMvdHZzZXJpZXMvOGYwYTJlZWQtYWQxMC00ZmFlLWE2N2UtYTczNTlkZDIwODA4LmpwZw==,2018, Retsuko is a 25-year-old red panda who is growing increasingly frustrated with her job in the accounting department of a... ,96,"Kaolip,Shingo Kato,Komegumi Koiwasaki,Maki Tsuruta","Rareko,Taro Goto",Netflix,"Action,Comedy,Anime",Japanese,"Apr 20, 2018"
57,Vikings: Valhalla,https://resizing.flixster.com/DcX0fOD3XEaQKRyOhpZdxTIjiZo=/fit-in/180x240/v2/https://resizing.flixster.com/qkRb2ukpzLY1ngAB8v4V-pU8HbI=/ems.cHJkLWVtcy1hc3NldHMvdHZzZXJpZXMvMzdjOGJiMTQtN2YxMy00NTEyLWI4OGItMTI4OTEzNzRjOTdiLmpwZw==,2022, The adventures of famous Vikings as they blaze new paths in an ever-changing Europe.... ,96,"Sam Corlett,Leo Suter,Frida Gustavsson,Jóhannes Haukur Jóhannesson","Michael Hirst,Jeb Stuart,Morgan O'Sullivan,Sherry Marsh",Netflix,"History,Drama",English,"Feb 25, 2022"
58,Our Planet,https://resizing.flixster.com/EGR01GmfACD2NqYhMEm16Qj0ZL0=/fit-in/180x240/v2/https://resizing.flixster.com/ByBUDXWrdGI0-WEeT1so6gU6bBw=/ems.cHJkLWVtcy1hc3NldHMvdHZzZXJpZXMvMWFmMmRhOGQtMWI2My00ZWFlLThmOGQtMjQ4Zjg2NTEzNWQyLmpwZw==,2019, Sir David Attenborough narrates this eight-part series that explores the unique wonders of the natural world. Produced in partnership with... ,96,David Attenborough,"Alastair Fothergill,Keith Scholey",Netflix,"Documentary,Nature,Special Interest",English,"Apr 5, 2019"
59,Blue Eye Samurai,https://resizing.flixster.com/NRIbY77vjJyAPfxSAmFIX7KZk_4=/fit-in/180x240/v2/https://resizing.flixster.com/eIGDgGTAbtVm_PFc-_I_AdQnoyI=/ems.cHJkLWVtcy1hc3NldHMvdHZzZXJpZXMvYWIxYTAyYzItZWEwNy00YjM4LTkxODMtN2E4ZDE0ZmZmNWZkLmpwZw==,2023, A master of the sword lives life in disguise while seeking revenge in Edo-period Japan.... ,96,"Maya Erskine,George Takei,Masi Oka,Randall Park","Michael Green,Erwin Stoff,Amber Noizumi",Netflix,"Action,Adventure,Animation",English,"Nov 3, 2023"
60,American Nightmare,https://resizing.flixster.com/zJ4IFEdAFGmLcCDHnvjwSK9Fe7o=/fit-in/180x240/v2/https://resizing.flixster.com/-XZAfHZM39UwaGJIFWKAE8fS0ak=/v3/t/assets/p26453331_b_v10_aa.jpg,2024," After a harrowing home invasion and kidnapping in 2015, a couple is accused of staging the ordeal when the woman... ",96,,"Bernadette Higgins,Felicity Morris,Rebecca North,Fiona Stourton",Netflix,"Documentary,Crime",English,"Jan 17, 2024"
61,Dark,https://resizing.flixster.com/Lw6mhr8nCh9P1YuyeMhury8paSw=/fit-in/180x240/v2/https://resizing.flixster.com/lpJkDxnEFNQT1OWJjnmYfvpAHJ0=/ems.cHJkLWVtcy1hc3NldHMvdHZzZXJpZXMvUlRUVjI2NjgyOS53ZWJw,2017," When two children go missing in a small German town, its sinful past is exposed along with the double lives... ",95,"Oliver Masucci,Karoline Eichhorn,Jördis Triebel,Louis Hofmann","Baran bo Odar,Quirin Berg,Baran bo Odar,Jantje Friese",Netflix,"Mystery & Thriller,Crime,Drama",German,"Dec 1, 2017"
62,Documentary Now!,https://resizing.flixster.com/AYT7FX5nctoUTVxhqjFQU5sSJCE=/fit-in/180x240/v2/https://resizing.flixster.com/-XZAfHZM39UwaGJIFWKAE8fS0ak=/v3/t/assets/p11781959_b_v10_ag.jpg,2015," ""Saturday Night Live"" compatriots Fred Armisen, Bill Hader and Seth Meyers serve as creators, executive producers and writers of this... ",95,"Fred Armisen,Bill Hader,Helen Mirren","Fred Armisen,Bill Hader,Seth Meyers,Lorne Michaels",IFC,Comedy,English,"Aug 20, 2015"
63,Queen Charlotte: A Bridgerton Story,https://resizing.flixster.com/aBqsto38f2UalL9msUc9uR3DzeQ=/fit-in/180x240/v2/https://resizing.flixster.com/5P4zeGezbaRHsI8bvp744hiGgPM=/ems.cHJkLWVtcy1hc3NldHMvdHZzZXJpZXMvMWQ4ZDc0NzYtMTFlOS00YzQ1LTg5ODItN2U1YzA5MWMyMWZiLmpwZw==,2023, The young queen's marriage to King George of England ushers in an epic love story and transforms high society.... ,95,"India Amarteifio,Adjoa Andoh,Michelle Fairley,Ruth Gemmell","Shonda Rhimes,Betsy Beers,Tom Verica",Netflix,"Drama,Romance",English,"May 4, 2023"
64,Squid Game,https://resizing.flixster.com/XHqnobTc3sb3j5FF2EV2b4kqm4E=/fit-in/180x240/v2/https://resizing.flixster.com/-XZAfHZM39UwaGJIFWKAE8fS0ak=/v3/t/assets/p20492187_b_v8_ah.jpg,2021," Hundreds of cash-strapped contestants accept an invitation to compete in children's games for a tempting prize, but the stakes are... ",95,"Lee Jung-jae,Park Hae-soo,Oh Yeong-su,Wi Ha-joon",Hwang Dong-hyuk,Netflix,"Drama,Mystery & Thriller",Korean,"Sep 17, 2021"
65,Masters of the Universe: Revelation,https://resizing.flixster.com/KeDkAtYouogNlbJ6STOpgl947Wg=/fit-in/180x240/v2/https://resizing.flixster.com/6X25rEigAFN9CRzzZx0V3GyGQPk=/ems.cHJkLWVtcy1hc3NldHMvdHZzZXJpZXMvUlRUVjk3OTc1OS53ZWJw,2021, The war for Eternia begins again in what may be the final battle between He-Man and Skeletor.... ,95,"Chris Wood,Mark Hamill,Lena Headey,Sarah Michelle Gellar","Kevin Smith,Roberto Davide,Adam Bonnett,Christopher Keenan",Netflix,"Fantasy,Action,Adventure,Animation",English,"Jul 23, 2021"
66,Transatlantic,https://resizing.flixster.com/f5td4ni_QpvrGWXb5wXnOoKCT2c=/fit-in/180x240/v2/https://resizing.flixster.com/FgZ2zpX3VYP3pUDFXrs2epzym9c=/ems.cHJkLWVtcy1hc3NldHMvdHZzZXJpZXMvYTAyZWQ3MDYtOTNmOC00NGYyLWI5MTItN2FkNmM5NzdmMGJhLmpwZw==,2023," Transatlantic is inspired by the true story of Varian Fry, Mary Jayne Gold and the Emergency Rescue Committee. Risking their... ",95,"Cory Michael Smith,Gillian Jacobs,Lucas Englander,Deleila Piasko","Anna Winger,Julie Orringer,Camille McCurry",Netflix,"History,Drama",British English,"Apr 7, 2023"
67,Sex Education,https://resizing.flixster.com/u7HVoGhNBDw-nfz1Mo9z00Q17Wc=/fit-in/180x240/v2/https://resizing.flixster.com/-XZAfHZM39UwaGJIFWKAE8fS0ak=/v3/t/assets/p16314961_b_v13_al.jpg,2019," Socially awkward high school student Otis may not have much experience in the lovemaking department, but he gets good guidance... ",94,"Asa Butterfield,Gillian Anderson,Ncuti Gatwa,Aimee Lou Wood","Jamie Campbell,Ben Taylor,Laurie Nunn,Runyararo Mapfumo",Netflix,"Comedy,Drama",English,"Jan 11, 2019"
68,Big Mouth,https://resizing.flixster.com/nG7i_dJvjQcj7gOyh4grt0eKQTU=/fit-in/180x240/v2/https://resizing.flixster.com/scubWRMYJjvPPCYmRUuYd3w5S6w=/ems.cHJkLWVtcy1hc3NldHMvdHZzZXJpZXMvYWU0NDIwMmMtOGU2NC00ODEwLWEyNjktNzY0MjU3MWIzMDdlLmpwZw==,2017," Even for a cartoon character, going through puberty isn't easy for a young person. Andrew is learning that first hand... ",94,"Nick Kroll,John Mulaney,Jessi Klein,Jason Mantzoukas","Nick Kroll,Andrew Goldberg,Mark Levin,Jennifer Flackett",Netflix,"Comedy,Animation",English,"Sep 29, 2017"
69,Maid,https://resizing.flixster.com/awRHEeJEolqF2JH96X1kQGdPuUc=/fit-in/180x240/v2/https://resizing.flixster.com/_vt7y0i8AVB666VwAEr0CfmlvMg=/ems.cHJkLWVtcy1hc3NldHMvdHZzZXJpZXMvOGNmN2QzNDItNTJjNS00MGZlLWEwZmMtODQ3NjM1NGJhZjY3LmpwZw==,2021, Single mother Alex turns to housecleaning to make ends meet as she escapes an abusive relationship and overcomes homelessness to... ,94,"Margaret Qualley,Nick Robinson,Anika Noni Rose,Tracy Vilar","John Wells,Molly Smith Metzler,Margot Robbie,Tom Ackerley",Netflix,Drama,English,"Oct 1, 2021"
70,Teenage Bounty Hunters,https://resizing.flixster.com/a-x-2GQbIDnmfGl4cSc2UdSrRVg=/fit-in/180x240/v2/https://resizing.flixster.com/cWfz-jy86LV4SuMm7zlf2xQm1Gs=/ems.cHJkLWVtcy1hc3NldHMvdHZzZXJpZXMvUlRUVjczNDcyOC53ZWJw,2020, Twin sisters Blair and Sterling balance teen life at an elite Southern high school with an unlikely new career as... ,94,"Anjelica Bette Fellini,Maddie Phillips,Kadeem Hardison,Virginia Williams",,Netflix,"Crime,Drama",English,"Aug 14, 2020"
71,Lost Ollie,https://resizing.flixster.com/yB6ValgYmEgHQBEYYAWN_BUJoCk=/fit-in/180x240/v2/https://resizing.flixster.com/RyPEDm6lh0JOWN93j_49szGyR-Y=/ems.cHJkLWVtcy1hc3NldHMvdHZzZXJpZXMvOTMzZDY4MWItMWE3ZC00NjNlLTliMWQtMDExYWM1YWZjMjdjLmpwZw==,2022, A toy goes in search of the boy who lost him.... ,94,"Jonathan Groff,Mary J. Blige,Tim Blake Nelson,Gina Rodriguez","Shawn Levy,Josh S. Barry,Brandon Oldenburg,Lampton Enochs",Netflix,"Drama,Fantasy,Animation",English,"Aug 24, 2022"
72,Never Have I Ever,https://resizing.flixster.com/QWpB0r-Z1oy7uZSSW7qBHm4A1MI=/fit-in/180x240/v2/https://resizing.flixster.com/ZUhHpJCOJmPu7ro7DxecAetusnE=/ems.cHJkLWVtcy1hc3NldHMvdHZzZXJpZXMvNmI5OGY3ZWMtYjY1Mi00NGEwLTgxYmEtNjUyNjRmNGE2MDQ5LmpwZw==,2020, The complicated life of a first-generation Indian-American teenager.... ,93,"Maitreyi Ramakrishnan,Poorna Jagannathan,Richa Moorjani,Jaren Lewison","Mindy Kaling,Lang Fisher,Howard Klein,David Miner",Netflix,"Comedy,Drama",English,"Apr 27, 2020"
73,Peaky Blinders,https://resizing.flixster.com/O6GH14o9wHc3zrby_ehK2UeKH5M=/fit-in/180x240/v2/https://resizing.flixster.com/-XZAfHZM39UwaGJIFWKAE8fS0ak=/v3/t/assets/p10182728_b_v13_bd.jpg,2013," Britain is a mixture of despair and hedonism in 1919 in the aftermath of the Great War. Returning soldiers, newly... ",93,"Cillian Murphy,Natasha O'Keeffe,Paul Anderson,Sophie Rundle","Otto Bathurst,Anthony Byrne",BBC,"History,Drama",British English,"Sep 12, 2013"
74,Cabinet of Curiosities,https://resizing.flixster.com/TIQp-hOg_YgD3kdpXLL7GrMC-Eg=/fit-in/180x240/v2/https://resizing.flixster.com/roluxihKzjj6vRYBIlY_SehifZQ=/ems.cHJkLWVtcy1hc3NldHMvdHZzZXJpZXMvOWJmNmI4OWQtYjJiNC00OGY1LTgyNWQtMTI5MmZhNTNhMDc5LmpwZw==,2022, An anthology of sinister stories told by revered horror creators.... ,93,Guillermo del Toro,"Guillermo del Toro,J. Miles Dale,Gary Ungar",Netflix,"Horror,Mystery & Thriller",English,"Oct 25, 2022"
75,Warrior,https://resizing.flixster.com/oEwsf0qjNPVsNKSaE7UVGCfo3cY=/fit-in/180x240/v2/https://resizing.flixster.com/MgCU4gNRxwj8hn0IPEh1NZD1DeU=/ems.cHJkLWVtcy1hc3NldHMvdHZzZXJpZXMvMGRhMGQwOWUtNWZiYy00NzBkLWE2ODEtMTk0ZTA3N2Q2NjA3LmpwZw==,2019, A crime drama that takes place in the latter half of the 19th century during brutal gang wars in San... ,93,"Andrew Koji,Jason Tobin,Olivia Cheng,Kieran Bew","Brad Kane,Danielle Woodrow,Jonathan Tropper,Justin Lin",Max,"Action,Drama",English,"Apr 5, 2019"
76,Cobra Kai,https://resizing.flixster.com/HLEATobSNU3-A4Ug-9-GqNaq-MA=/fit-in/180x240/v2/https://resizing.flixster.com/Z-kHbJr9r5PLceKAxepwdo1ScGk=/ems.cHJkLWVtcy1hc3NldHMvdHZzZXJpZXMvNTg0MWE3M2MtNjI0Ny00NmY3LThlOWUtNWYwNjU2ODE0ZjA4LmpwZw==,2018," Thirty four years after events of the 1984 All Valley Karate Tournament, a down-and-out Johnny Lawrence seeks redemption by reopening... ",92,"Ralph Macchio,William Zabka,Courtney Henggeler,Xolo Maridueña","Josh Heald,Jon Hurwitz,Hayden Schlossberg,James Lassiter",Netflix,"Comedy,Drama,Action",English,"May 2, 2018"
77,You,https://resizing.flixster.com/izfZ9PpaOS7xc0CAi_Jq140_CEY=/fit-in/180x240/v2/https://resizing.flixster.com/g81COrwvWE7pqUEIVL0271ZsFT4=/ems.cHJkLWVtcy1hc3NldHMvdHZzZXJpZXMvMjVhYWZjMGMtY2I4MS00ZWE2LWE5NTEtNTVlZDRjMDE3ZGU1LmpwZw==,2018," What would you do for love? For a brilliant male bookstore manager who crosses paths with an aspiring female writer,... ",92,"Penn Badgley,Tati Gabrielle,Charlotte Ritchie,Lukas Gage","Greg Berlanti,Sera Gamble,Sarah Schechter,Leslie Morgenstein",Netflix,"Drama,Mystery & Thriller",English,"Sep 9, 2018"
78,Sweet Tooth,https://resizing.flixster.com/Eh1LF7Rk3r_53moyk7gnTUVVuF4=/fit-in/180x240/v2/https://resizing.flixster.com/0S4m6CWtSFY7M_s1liJbF76Ju4w=/ems.cHJkLWVtcy1hc3NldHMvdHZzZXJpZXMvY2JiODhiMjYtZTE0OS00OTE1LWE5NWItYjBkZDJhMTlmNGIyLmpwZw==,2021," On a perilous adventure in a post-apocalyptic world, a boy who's half-human and half deer searches for a new beginning... ",92,"Christian Convery,Nonso Anozie,Adeel Akhtar,Stefania Owen","Jim Mickle,Robert Downey Jr.,Susan Downey,Amanda Burrell",Netflix,"Drama,Fantasy,Action,Adventure",English,"Jun 4, 2021"
79,The Venture Bros.,https://resizing.flixster.com/nPd1mhiYmXwu_3Fet-Iei7CxgVI=/fit-in/180x240/v2/https://resizing.flixster.com/-XZAfHZM39UwaGJIFWKAE8fS0ak=/v3/t/assets/p186253_b_v8_ac.jpg,2003," ""Jonny Quest"" gets an irreverent but affectionate spoofing in this animated series chronicling the sometimes hair-raising adventures of Hank and... ",92,"Jackson Publick,Michael Sinterniklaas,Patrick Warburton",,Cartoon Network,"Comedy,Animation",English,"Feb 16, 2003"
80,Dead Boy Detectives,https://resizing.flixster.com/es_Vo5Vn3YAZuCfToAIdbCQluSI=/fit-in/180x240/v2/https://resizing.flixster.com/NIZFAh2ButDsOmY7Eof0bak4doE=/ems.cHJkLWVtcy1hc3NldHMvdHZzZXJpZXMvOTgyZTJkZTktYzgxYy00MDRmLTgyZjAtNzYzNzk5ODc5NWI2LmpwZw==,2024," Two teenage ghosts work alongside a clairvoyant to solve mysteries for their supernatural clientele, until a powerful witch complicates their... ",92,"George Rexstrew,Jayden Revri,Kassius Nelson,Yuyu Kitamura","Steve Yockey,Beth Schwartz,Jeremy Carver,Greg Berlanti",Netflix,"Comedy,Drama,Mystery & Thriller,Fantasy,Action,Adventure,LGBTQ+",English,"Apr 25, 2024"
81,Criminal: UK,https://resizing.flixster.com/no52ISHR5FRoMriFV3Nf3OzYtrw=/fit-in/180x240/v2/https://resizing.flixster.com/zPlErb8-27XKZaCgF0GW_-RRtKs=/ems.cHJkLWVtcy1hc3NldHMvdHZzZXJpZXMvUlRUVjU2NTI2OS53ZWJw,2019," In a grueling interview, detectives pressure a taciturn doctor to confess to a murder.... ",92,"Katherine Kelly,Lee Ingleby,Nicholas Pinnock,Mark Stanley","Jim Field Smith,George Kay",Netflix,"Crime,Drama,Mystery & Thriller",British English,"Sep 20, 2019"
82,Jurassic World: Camp Cretaceous,https://resizing.flixster.com/RF_q-PKLIXIzkg7Uk4VGap6B2-g=/fit-in/180x240/v2/https://resizing.flixster.com/X-6cVKTBLDLIbJPc6i2jUBvwlF8=/ems.cHJkLWVtcy1hc3NldHMvdHZzZXJpZXMvUlRUVjczMzkzOS53ZWJw,2020, Teens attending an adventure camp on the opposite side of Isla Nublar must band together to survive when dinosaurs wreak... ,92,"Paul-Mikél Williams,Jenna Ortega,Ryan Potter,Raini Rodriguez","Scott Kreamer,Lane Lueras,Steven Spielberg,Frank Marshall",Netflix,"Kids & Family,Action,Adventure,Animation",English,"Sep 18, 2020"
83,Tribes of Europa,https://resizing.flixster.com/LcwqfLUv-SxJv4M3b4aV6wSn8GE=/fit-in/180x240/v2/https://resizing.flixster.com/AASijpxTmTZO_bsR2IwW-q_38jU=/ems.cHJkLWVtcy1hc3NldHMvdHZzZXJpZXMvUlRUVjgyNzU3MC53ZWJw,2021," In 2070, three siblings set out to change the fate of Europe after a global catastrophe fractures it into countless... ",92,"Emilio Sakraya,Henriette Confurius,David Ali Rashed",,Netflix,"Sci-Fi,Drama",German,"Feb 19, 2021"
84,Dragon Age: Absolution,https://resizing.flixster.com/IdKrd8_kAJk7ixVr5NaxnLT9rjk=/fit-in/180x240/v2/https://resizing.flixster.com/-XZAfHZM39UwaGJIFWKAE8fS0ak=/v3/t/assets/p22513827_b_v10_aa.jpg,2022," With great power at stake, a group of rebel mages and thieves goes head to head against a sinister force... ",92,"Kimberly Brooks,Matthew Mercer,Ashly Burch,Sumalee Montano","Mairghread Scott,Matt Goldman,John Epler,Chris Bain",Netflix,"Fantasy,Action,Adventure,Animation",English,"Dec 9, 2022"
85,Stranger Things,https://resizing.flixster.com/6dvT7Cu4zNmzYPZneRRF3vv34Hc=/fit-in/180x240/v2/https://resizing.flixster.com/-XZAfHZM39UwaGJIFWKAE8fS0ak=/v3/t/assets/p12991665_b_v13_am.jpg,2016," Mysteries unravel in a small Midwestern town in the 1980s, involving supernatural forces, secret experiments and one strange girl.... ",91,"Winona Ryder,David Harbour,Millie Bobby Brown,Finn Wolfhard","Matt Duffer,Ross Duffer,Shawn Levy,Dan Cohen",Netflix,"Drama,Sci-Fi,Horror,Mystery & Thriller",English,"Jul 15, 2016"
86,One Day,https://resizing.flixster.com/0nqMc5nyWhF44hbIgfi5mL7VVgA=/fit-in/180x240/v2/https://resizing.flixster.com/eLVWFWXMt1K_qbN4aG_vjQ5asUA=/ems.cHJkLWVtcy1hc3NldHMvdHZzZXJpZXMvNjUyYTg4YTAtMDJlNy00Y2Q1LTgzODItMmMyZGRmNDNjODQ4LmpwZw==,2024," After graduation, Emma and Dexter go their separate ways; however, fate leads to the unexpected.... ",91,"Leo Woodall,Ambika Mod,Amber Grappy,Tim McInnerny","Molly Manners,Luke Snellin,John Hardwick,Kate Hewitt",Netflix,"Romance,Comedy,Drama",British English,"Feb 8, 2024"
87,The Last Kingdom,https://resizing.flixster.com/hU3UIQVpqzkyLa0zHreYCRAHmpk=/fit-in/180x240/v2/https://resizing.flixster.com/-XZAfHZM39UwaGJIFWKAE8fS0ak=/v3/t/assets/p12079367_b_v8_an.jpg,2015," As a child, Uhtred witnessed his father being killed and the Saxon army defeated by invading troops. Danish warlord Earl... ",91,"Alexander Dreymon,Emily Cox,Timothy Innes,Millie Brady","Gareth Neame,Nigel Marchant,Stephen Butchard",BBC America,"History,Drama",British English,"Oct 10, 2015"
88,Raising Dion,https://resizing.flixster.com/J_wjNh36J4PjKii963HFkgyy0XY=/fit-in/180x240/v2/https://resizing.flixster.com/T-O2bJu25lNpJ7Rbd3dJ-1Akf8c=/ems.cHJkLWVtcy1hc3NldHMvdHZzZXJpZXMvUlRUVjU3MDM3MC53ZWJw,2019, A single mother must hide her young son's superpowers to protect him from exploitation while investigating their origins and her... ,91,"Alisha Wainwright,Ja'Siah Young,Jazmyn Simon,Sammi Haney","Carol Barbee,Seith Mann,Dennis Liu,Michael B. Jordan",Netflix,"Kids & Family,Drama,Sci-Fi",English,"Oct 4, 2019"
89,The Midnight Gospel,https://resizing.flixster.com/dVUY9zBwgt6fE4o0S0nqDMUtr7U=/fit-in/180x240/v2/https://resizing.flixster.com/ZdgniublR0lXATkOuUgAJR6v2Qw=/ems.cHJkLWVtcy1hc3NldHMvdHZzZXJpZXMvUlRUVjY5NzQxNi53ZWJw,2020," A space caster traverses trippy worlds inside his universe simulator, exploring existential questions about life, death and everything in between.... ",91,"Duncan Trussell,Phil Hendrie,Dr. Drew,Joey Diaz","Antonio Canobbio,Ben Kalina,Chris Prynoski,Duncan Trussell",Netflix,"Fantasy,Comedy,Animation",English,"Apr 20, 2020"
90,The Fall of the House of Usher,https://resizing.flixster.com/Cj20EOlj60AfbKZf3rJIsuz2dUY=/fit-in/180x240/v2/https://resizing.flixster.com/tCTi-vUUB6F6ECGpQcdPwXaoPJI=/ems.cHJkLWVtcy1hc3NldHMvdHZzZXJpZXMvYzM5ODBjOWItMDQyZi00OWI4LWE4ZmEtM2JiMjRkOTYwNDNlLmpwZw==,2023," Siblings Roderick and Madeline Usher have built a pharmaceutical company into an empire of wealth, privilege and power; however, secrets... ",90,"Bruce Greenwood,Carla Gugino,Mary McDonnell,Carl Lumbly","Mike Flanagan,Trevor Macy,Emmy Grinwis,Michael Fimognari",Netflix,"Drama,Horror",English,"Oct 12, 2023"
91,House,https://resizing.flixster.com/xSmktpghNs0cSX2dDtL5tuOPqeU=/fit-in/180x240/v2/https://resizing.flixster.com/-XZAfHZM39UwaGJIFWKAE8fS0ak=/v3/t/assets/p185044_b_v8_ab.jpg,2004," At fictional Princeton Plainsboro Teaching Hospital in New Jersey, prickly genius Dr. Gregory House tackles health mysteries as would a... ",90,"Hugh Laurie,Robert Sean Leonard,Omar Epps,Jesse Spencer","Paul Attanasio,Katie Jacobs,David Shore,Bryan Singer",Fox,"Drama,Mystery & Thriller",English,"Nov 16, 2004"
92,The Flash,https://resizing.flixster.com/LtPwTUBwozL8zIC9yZYhn-o_VLc=/fit-in/180x240/v2/https://resizing.flixster.com/-XZAfHZM39UwaGJIFWKAE8fS0ak=/v3/t/assets/p10781465_b_v12_az.jpg,2014," At 11, Barry Allen's life changed completely when his mother died in a freak accident and his innocent father was... ",89,"Grant Gustin,Candice Patton,Danielle Panabaker,Danielle Nicolet","Greg Berlanti,Sarah Schechter,Eric Wallace,Sam Chalsen",The CW,"Drama,Action,Adventure,Fantasy",English,"Oct 7, 2014"
93,Monk,https://resizing.flixster.com/LZ2SryOgMgLIziCCAFjwYYAYG7M=/fit-in/180x240/v2/https://resizing.flixster.com/-XZAfHZM39UwaGJIFWKAE8fS0ak=/v3/t/assets/p184807_b_v8_ah.jpg,2002," After the unsolved murder of his wife, Adrian Monk develops obsessive-compulsive disorder, which includes his terror of germs and contamination.... ",89,"Tony Shalhoub,Ted Levine,Traylor Howard,Jason Gray-Stanford","Andy Breckman,David Hoberman",USA,"Crime,Drama,Comedy",English,"Jul 12, 2002"
94,All of Us Are Dead,https://resizing.flixster.com/Q2789vmoqntq_L4cnWTe46bEgJk=/fit-in/180x240/v2/https://resizing.flixster.com/-XZAfHZM39UwaGJIFWKAE8fS0ak=/v3/t/assets/p21368395_b_v9_ab.jpg,2022, Trapped students must escape their high school which has become ground zero for a zombie virus outbreak.... ,89,"Park Ji-hu,Yoon Chan-Young,Cho Yi-hyun,Lomon",Lee Jae-gyu,Netflix,"Horror,Mystery & Thriller,Action",Korean,"Jan 28, 2022"
95,The Sandman,https://resizing.flixster.com/9Ebm4FucFoePfPImJzwf88kIznA=/fit-in/180x240/v2/https://resizing.flixster.com/BcPdHRsYlUa2yZnwdWZDXU3YjKg=/ems.cHJkLWVtcy1hc3NldHMvdHZzZXJpZXMvZmFlMTZiNzUtZmU2ZC00MDgxLWJjY2UtNTk2YzdhMmM5OGE2LmpwZw==,2022," When the Sandman, aka Dream, the cosmic being who controls all dreams, is captured and held prisoner for more than... ",88,"Tom Sturridge,Gwendoline Christie,Vivienne Acheampong,Boyd Holbrook","Allan Heinberg,David S. Goyer,Neil Gaiman,Mike Barker",Netflix,"Drama,Fantasy",English,"Aug 5, 2022"
96,Dead to Me,https://resizing.flixster.com/Xrd-2Hk9d2pgHFFGuE5I9WW_ZfU=/fit-in/180x240/v2/https://resizing.flixster.com/pcW9SEGZEP3yQaqzis6zQ7x-4KA=/ems.cHJkLWVtcy1hc3NldHMvdHZzZXJpZXMvMjE2NjUyZTAtNDYwNi00NTQ5LTgxZjAtNzllMzE5MzJmM2I0LmpwZw==,2019," Jen's husband recently died in a hit-and-run, and the sardonic widow is determined to solve the crime. Optimistic free spirit... ",88,"Christina Applegate,Linda Cardellini,James Marsden,Max Jenkins","Liz Feldman,Jessica Elbaum,Christie Smith,Christina Applegate",Netflix,Comedy,English,"May 3, 2019"
97,The Haunting of Bly Manor,https://resizing.flixster.com/jeRE9hxgWg0GxmsRcSugeXIHFq8=/fit-in/180x240/v2/https://resizing.flixster.com/_Y8h3VahayPBmBGOlrPz_495pt0=/ems.cHJkLWVtcy1hc3NldHMvdHZzZXJpZXMvUlRUVjc1MDM0Ni53ZWJw,2020, A young governess arrives at Bly Manor and begins to see apparitions haunting the estate.... ,88,"Victoria Pedretti,Oliver Jackson-Cohen,Henry Thomas,Amelia Eve","Justin Falvey,Mike Flanagan,Diane Ademu-John,Trevor Macy",Netflix,"Drama,Horror",English,"Oct 9, 2020"
98,Delhi Crime,https://resizing.flixster.com/AndWT02xxY8RZU_xJiCsgsxpaJg=/fit-in/180x240/v2/https://resizing.flixster.com/vnNBCfucVjgo8tyQbLjjnBIo-bg=/ems.cHJkLWVtcy1hc3NldHMvdHZzZXJpZXMvUlRUVjQ0NzQxNS53ZWJw,2019," DCP Vartika Chaturvedi leads a team that investigates headline-grabbing Delhi crimes, including rapes and murder sprees.... ",88,"Shefali Shetty,Rajesh Tailang,Rasika Dugal,Adil Hussain","Aaron Kaplan,Jeff Sagansky,Florence Sloan,Apoorva Bakshi",Netflix,"Crime,Drama",Hindi,"Mar 22, 2019"
99,Midnight Mass,https://resizing.flixster.com/2LyPfn0D2CXqO59wIfjQ2YlhymE=/fit-in/180x240/v2/https://resizing.flixster.com/pdxyT6znP1Juc0UaB20T4uMm21E=/ems.cHJkLWVtcy1hc3NldHMvdHZzZXJpZXMvUlRUVjEwMTIyOTcud2VicA==,2021," The arrival of a charismatic priest brings miracles, mysteries and renewed religious fervor to a dying town.... ",87,"Zach Gilford,Kate Siegel,Hamish Linklater,Annabeth Gish",Mike Flanagan,Netflix,"Drama,Horror",English,"Sep 24, 2021"
